{
    "Analogy Task": {
        "glove-wiki-gigaword-50": 0.46449038067949244,
        "glove-wiki-gigaword-100": 0.6270978305362259,
        "glove-wiki-gigaword-300": 0.7156672124437168,
        "word2vec-google-news-300": 0.5373221452024809,
        "fasttext-wiki-news-subwords-300": 0.6672767434521931,
        "emb_32_5": 0.014956643193854391,
        "emb_64_5": 0.011872199266717105,
        "emb_256_5": 0.028341965896525635,
        "emb_512_5": 0.03387068614328115,
        "emb_1024_5": 0.031251818657975904,
        "emb_32_10": 0.00989349938893092,
        "emb_64_10": 0.013734505034045278,
        "emb_256_10": 0.03235756270732701,
        "emb_512_10": 0.046383053017517314,
        "emb_1024_10": 0.04376418553221207,
        "emb_32_15": 0.009195134726182856,
        "emb_64_15": 0.015829599022289472,
        "emb_256_15": 0.03811907117499855,
        "emb_512_15": 0.046266658907059305,
        "emb_1024_15": 0.04684862945934936,
        "emb_32_20": 0.009311528836640865,
        "emb_64_20": 0.016469766629808532,
        "emb_256_20": 0.03905022405866263,
        "emb_512_20": 0.047663388232555434,
        "emb_1024_20": 0.04812896467438747,
        "emb_32_30": 0.008554967118663796,
        "emb_64_30": 0.015655007856602454,
        "emb_256_30": 0.03742070651225048,
        "emb_512_30": 0.047546994122097425,
        "emb_1024_30": 0.05348309375545597,
        "emb_32_40": 0.008322178897747773,
        "emb_64_40": 0.016527963685037537,
        "emb_256_40": 0.038701041727288596,
        "emb_512_40": 0.04708141768026538,
        "emb_1024_40": 0.05092242332537974
    },
    "SimLex-999": {
        "glove-wiki-gigaword-50": 0.2645792192990813,
        "glove-wiki-gigaword-100": 0.29754985300614595,
        "glove-wiki-gigaword-300": 0.37050035710869067,
        "word2vec-google-news-300": 0.44196551091403796,
        "fasttext-wiki-news-subwords-300": 0.44090807476822663,
        "emb_32_5": 0.09908133805473467,
        "emb_64_5": 0.10641216789842259,
        "emb_256_5": 0.12449693610628305,
        "emb_512_5": 0.14644626095724203,
        "emb_1024_5": 0.14721586509891954,
        "emb_32_10": 0.07250278951592216,
        "emb_64_10": 0.08715772673553268,
        "emb_256_10": 0.12424383246220756,
        "emb_512_10": 0.14580879854869352,
        "emb_1024_10": 0.14990114179150105,
        "emb_32_15": 0.06651454032797054,
        "emb_64_15": 0.08713856739876698,
        "emb_256_15": 0.12188295886630575,
        "emb_512_15": 0.13645666171256765,
        "emb_1024_15": 0.13984008520428398,
        "emb_32_20": 0.06403205504329848,
        "emb_64_20": 0.08669527317841083,
        "emb_256_20": 0.1181109075090875,
        "emb_512_20": 0.13482337531663754,
        "emb_1024_20": 0.13808670529206898,
        "emb_32_30": 0.06079590642804559,
        "emb_64_30": 0.08487227594870546,
        "emb_256_30": 0.11207762325252903,
        "emb_512_30": 0.1283162755000765,
        "emb_1024_30": 0.1427671399741999,
        "emb_32_40": 0.06171012560799211,
        "emb_64_40": 0.08591822999155488,
        "emb_256_40": 0.1140499479278981,
        "emb_512_40": 0.12519453636332317,
        "emb_1024_40": 0.13890538284116447
    }
}