{
    "distilbert-base-uncased": {
        "autre": 0.7272727272727273,
        "disability": 0.7846153846153846,
        "physical-appearance": 0.6944444444444444,
        "religion": 0.7657657657657657,
        "sexual-orientation": 0.7956989247311828,
        "nationality": 0.5277777777777778,
        "race-color": 0.5885826771653543,
        "age": 0.5604395604395604,
        "socioeconomic": 0.6052631578947368,
        "gender": 0.59375
    },
    "bert-base-uncased": {
        "autre": 0.7272727272727273,
        "disability": 0.7692307692307693,
        "physical-appearance": 0.7361111111111112,
        "religion": 0.7747747747747747,
        "sexual-orientation": 0.7849462365591398,
        "nationality": 0.4861111111111111,
        "race-color": 0.6023622047244095,
        "age": 0.5604395604395604,
        "socioeconomic": 0.5684210526315789,
        "gender": 0.5875
    },
    "roberta-base": {
        "autre": 0.6363636363636364,
        "disability": 0.7076923076923077,
        "physical-appearance": 0.6527777777777778,
        "religion": 0.6846846846846847,
        "sexual-orientation": 0.6559139784946236,
        "nationality": 0.5925925925925926,
        "race-color": 0.5807086614173228,
        "age": 0.5824175824175825,
        "socioeconomic": 0.631578947368421,
        "gender": 0.559375
    }
}